t,n,f,attacker_level,elapsed,send_cnt,recv_cnt,success_session_id
67,100,0,AttackerLevel.STATIC,0.4057495594024658,234,167,1
67,100,0,AttackerLevel.STATIC,0.3706705570220947,234,167,1
67,100,0,AttackerLevel.STATIC,0.3733937740325928,234,167,1
67,100,0,AttackerLevel.STATIC,0.3698084354400635,234,167,1
67,100,0,AttackerLevel.STATIC,0.36498117446899414,234,167,1
67,100,0,AttackerLevel.STATIC,0.36193132400512695,234,167,1
67,100,0,AttackerLevel.STATIC,0.36814260482788086,234,167,1
67,100,0,AttackerLevel.STATIC,0.36942434310913086,234,167,1
67,100,0,AttackerLevel.STATIC,0.3646256923675537,234,167,1
67,100,0,AttackerLevel.STATIC,0.3673253059387207,234,167,1
67,100,0,AttackerLevel.STATIC_COORDINATION,0.3657059669494629,234,167,1
67,100,0,AttackerLevel.STATIC_COORDINATION,0.3649437427520752,234,167,1
67,100,0,AttackerLevel.STATIC_COORDINATION,0.3625061511993408,234,167,1
67,100,0,AttackerLevel.STATIC_COORDINATION,0.36626744270324707,234,167,1
67,100,0,AttackerLevel.STATIC_COORDINATION,0.3683621883392334,234,167,1
67,100,0,AttackerLevel.STATIC_COORDINATION,0.3668675422668457,234,167,1
67,100,0,AttackerLevel.STATIC_COORDINATION,0.3575906753540039,234,167,1
67,100,0,AttackerLevel.STATIC_COORDINATION,0.36899423599243164,234,167,1
67,100,0,AttackerLevel.STATIC_COORDINATION,0.3551204204559326,234,167,1
67,100,0,AttackerLevel.STATIC_COORDINATION,0.36897873878479004,234,167,1
67,100,0,AttackerLevel.ADAPTIVE,0.3584766387939453,234,167,1
67,100,0,AttackerLevel.ADAPTIVE,0.36776113510131836,234,167,1
67,100,0,AttackerLevel.ADAPTIVE,0.3671889305114746,234,167,1
67,100,0,AttackerLevel.ADAPTIVE,0.3699638843536377,234,167,1
67,100,0,AttackerLevel.ADAPTIVE,0.36259007453918457,234,167,1
67,100,0,AttackerLevel.ADAPTIVE,0.36246633529663086,234,167,1
67,100,0,AttackerLevel.ADAPTIVE,0.35579705238342285,234,167,1
67,100,0,AttackerLevel.ADAPTIVE,0.36730384826660156,234,167,1
67,100,0,AttackerLevel.ADAPTIVE,0.36051273345947266,234,167,1
67,100,0,AttackerLevel.ADAPTIVE,0.363659143447876,234,167,1
67,100,1,AttackerLevel.STATIC,0.36488819122314453,234,167,1
67,100,1,AttackerLevel.STATIC,0.3517928123474121,234,167,1
67,100,1,AttackerLevel.STATIC,0.5487387180328369,301,233,2
67,100,1,AttackerLevel.STATIC,0.36655378341674805,234,167,1
67,100,1,AttackerLevel.STATIC,0.5450901985168457,301,233,2
67,100,1,AttackerLevel.STATIC,0.539269208908081,301,233,2
67,100,1,AttackerLevel.STATIC,0.3517189025878906,234,167,1
67,100,1,AttackerLevel.STATIC,0.5475988388061523,301,233,2
67,100,1,AttackerLevel.STATIC,0.5485198497772217,301,233,2
67,100,1,AttackerLevel.STATIC,0.5403237342834473,301,233,2
67,100,1,AttackerLevel.STATIC_COORDINATION,0.35867857933044434,234,167,1
67,100,1,AttackerLevel.STATIC_COORDINATION,0.3647894859313965,234,167,1
67,100,1,AttackerLevel.STATIC_COORDINATION,0.5430095195770264,301,233,2
67,100,1,AttackerLevel.STATIC_COORDINATION,0.3554263114929199,234,167,1
67,100,1,AttackerLevel.STATIC_COORDINATION,0.35534238815307617,234,167,1
67,100,1,AttackerLevel.STATIC_COORDINATION,0.3621954917907715,234,167,1
67,100,1,AttackerLevel.STATIC_COORDINATION,0.5470209121704102,301,233,2
67,100,1,AttackerLevel.STATIC_COORDINATION,0.5437617301940918,301,233,2
67,100,1,AttackerLevel.STATIC_COORDINATION,0.5535359382629395,301,233,2
67,100,1,AttackerLevel.STATIC_COORDINATION,0.549079179763794,301,233,2
67,100,1,AttackerLevel.ADAPTIVE,0.5467946529388428,301,233,2
67,100,1,AttackerLevel.ADAPTIVE,0.5448682308197021,301,233,2
67,100,1,AttackerLevel.ADAPTIVE,0.5516293048858643,301,233,2
67,100,1,AttackerLevel.ADAPTIVE,0.5481526851654053,301,233,2
67,100,1,AttackerLevel.ADAPTIVE,0.5498535633087158,301,233,2
67,100,1,AttackerLevel.ADAPTIVE,0.5400068759918213,301,233,2
67,100,1,AttackerLevel.ADAPTIVE,0.5293624401092529,301,233,2
67,100,1,AttackerLevel.ADAPTIVE,0.5511302947998047,301,233,2
67,100,1,AttackerLevel.ADAPTIVE,0.5402979850769043,301,233,2
67,100,1,AttackerLevel.ADAPTIVE,0.5482032299041748,301,233,2
67,100,2,AttackerLevel.STATIC,0.5369551181793213,301,232,2
67,100,2,AttackerLevel.STATIC,0.5497996807098389,301,232,2
67,100,2,AttackerLevel.STATIC,0.7327425479888916,368,299,3
67,100,2,AttackerLevel.STATIC,0.7383391857147217,368,299,3
67,100,2,AttackerLevel.STATIC,0.36568379402160645,234,167,1
67,100,2,AttackerLevel.STATIC,0.7317605018615723,368,299,3
67,100,2,AttackerLevel.STATIC,0.3660416603088379,234,167,1
67,100,2,AttackerLevel.STATIC,0.5421268939971924,301,232,2
67,100,2,AttackerLevel.STATIC,0.3642549514770508,234,167,1
67,100,2,AttackerLevel.STATIC,0.5610125064849854,301,232,2
67,100,2,AttackerLevel.STATIC_COORDINATION,0.5383868217468262,301,233,2
67,100,2,AttackerLevel.STATIC_COORDINATION,0.36231184005737305,234,167,1
67,100,2,AttackerLevel.STATIC_COORDINATION,0.7363741397857666,368,299,3
67,100,2,AttackerLevel.STATIC_COORDINATION,0.5546894073486328,301,233,2
67,100,2,AttackerLevel.STATIC_COORDINATION,0.7217273712158203,368,299,3
67,100,2,AttackerLevel.STATIC_COORDINATION,0.7355492115020752,368,299,3
67,100,2,AttackerLevel.STATIC_COORDINATION,0.7256143093109131,368,299,3
67,100,2,AttackerLevel.STATIC_COORDINATION,0.5369255542755127,301,233,2
67,100,2,AttackerLevel.STATIC_COORDINATION,0.7161684036254883,368,299,3
67,100,2,AttackerLevel.STATIC_COORDINATION,0.7194573879241943,368,299,3
67,100,2,AttackerLevel.ADAPTIVE,0.7306332588195801,368,299,3
67,100,2,AttackerLevel.ADAPTIVE,0.7316198348999023,368,299,3
67,100,2,AttackerLevel.ADAPTIVE,0.7354891300201416,368,299,3
67,100,2,AttackerLevel.ADAPTIVE,0.7268285751342773,368,299,3
67,100,2,AttackerLevel.ADAPTIVE,0.7353367805480957,368,299,3
67,100,2,AttackerLevel.ADAPTIVE,0.7186679840087891,368,299,3
67,100,2,AttackerLevel.ADAPTIVE,0.7310431003570557,368,299,3
67,100,2,AttackerLevel.ADAPTIVE,0.7190639972686768,368,299,3
67,100,2,AttackerLevel.ADAPTIVE,0.7341442108154297,368,299,3
67,100,2,AttackerLevel.ADAPTIVE,0.7293992042541504,368,299,3
67,100,3,AttackerLevel.STATIC,0.7297170162200928,368,298,3
67,100,3,AttackerLevel.STATIC,0.7348062992095947,368,298,3
67,100,3,AttackerLevel.STATIC,0.7347910404205322,368,298,3
67,100,3,AttackerLevel.STATIC,0.7300150394439697,368,298,3
67,100,3,AttackerLevel.STATIC,0.362781286239624,234,167,1
67,100,3,AttackerLevel.STATIC,0.7310283184051514,368,298,3
67,100,3,AttackerLevel.STATIC,0.7369847297668457,368,298,3
67,100,3,AttackerLevel.STATIC,0.7301547527313232,368,298,3
67,100,3,AttackerLevel.STATIC,0.730461597442627,368,298,3
67,100,3,AttackerLevel.STATIC,0.7368552684783936,368,298,3
67,100,3,AttackerLevel.STATIC_COORDINATION,0.915762186050415,435,365,4
67,100,3,AttackerLevel.STATIC_COORDINATION,0.9210388660430908,435,365,4
67,100,3,AttackerLevel.STATIC_COORDINATION,0.5431034564971924,301,233,2
67,100,3,AttackerLevel.STATIC_COORDINATION,0.9173200130462646,435,365,4
67,100,3,AttackerLevel.STATIC_COORDINATION,0.7205500602722168,368,299,3
67,100,3,AttackerLevel.STATIC_COORDINATION,0.5526278018951416,301,233,2
67,100,3,AttackerLevel.STATIC_COORDINATION,0.91595458984375,435,365,4
67,100,3,AttackerLevel.STATIC_COORDINATION,0.9286160469055176,435,365,4
67,100,3,AttackerLevel.STATIC_COORDINATION,0.9136013984680176,435,365,4
67,100,3,AttackerLevel.STATIC_COORDINATION,0.907196044921875,435,365,4
67,100,3,AttackerLevel.ADAPTIVE,0.9090638160705566,435,365,4
67,100,3,AttackerLevel.ADAPTIVE,0.9162366390228271,435,365,4
67,100,3,AttackerLevel.ADAPTIVE,0.9115095138549805,435,365,4
67,100,3,AttackerLevel.ADAPTIVE,0.9306304454803467,435,365,4
67,100,3,AttackerLevel.ADAPTIVE,0.9259006977081299,435,365,4
67,100,3,AttackerLevel.ADAPTIVE,0.9148073196411133,435,365,4
67,100,3,AttackerLevel.ADAPTIVE,0.9193408489227295,435,365,4
67,100,3,AttackerLevel.ADAPTIVE,0.9272191524505615,435,365,4
67,100,3,AttackerLevel.ADAPTIVE,0.9028921127319336,435,365,4
67,100,3,AttackerLevel.ADAPTIVE,0.9080421924591064,435,365,4
67,100,4,AttackerLevel.STATIC,0.7329680919647217,368,297,3
67,100,4,AttackerLevel.STATIC,0.7380743026733398,368,297,3
67,100,4,AttackerLevel.STATIC,0.7257864475250244,368,297,3
67,100,4,AttackerLevel.STATIC,0.7359230518341064,368,297,3
67,100,4,AttackerLevel.STATIC,0.5481357574462891,301,230,2
67,100,4,AttackerLevel.STATIC,0.7231314182281494,368,297,3
67,100,4,AttackerLevel.STATIC,0.7277102470397949,368,297,3
67,100,4,AttackerLevel.STATIC,0.7246272563934326,368,297,3
67,100,4,AttackerLevel.STATIC,0.7247252464294434,368,297,3
67,100,4,AttackerLevel.STATIC,0.73291015625,368,297,3
67,100,4,AttackerLevel.STATIC_COORDINATION,1.0912983417510986,502,431,5
67,100,4,AttackerLevel.STATIC_COORDINATION,1.1110215187072754,502,431,5
67,100,4,AttackerLevel.STATIC_COORDINATION,1.085972785949707,502,431,5
67,100,4,AttackerLevel.STATIC_COORDINATION,1.1042163372039795,502,431,5
67,100,4,AttackerLevel.STATIC_COORDINATION,1.0849628448486328,502,431,5
67,100,4,AttackerLevel.STATIC_COORDINATION,1.1094958782196045,502,431,5
67,100,4,AttackerLevel.STATIC_COORDINATION,0.7238266468048096,368,299,3
67,100,4,AttackerLevel.STATIC_COORDINATION,1.0881531238555908,502,431,5
67,100,4,AttackerLevel.STATIC_COORDINATION,0.9230086803436279,435,365,4
67,100,4,AttackerLevel.STATIC_COORDINATION,0.9301197528839111,435,365,4
67,100,4,AttackerLevel.ADAPTIVE,1.10225248336792,502,431,5
67,100,4,AttackerLevel.ADAPTIVE,1.0954298973083496,502,431,5
67,100,4,AttackerLevel.ADAPTIVE,1.0748882293701172,502,431,5
67,100,4,AttackerLevel.ADAPTIVE,1.099292278289795,502,431,5
67,100,4,AttackerLevel.ADAPTIVE,1.0980746746063232,502,431,5
67,100,4,AttackerLevel.ADAPTIVE,1.1173012256622314,502,431,5
67,100,4,AttackerLevel.ADAPTIVE,1.074573040008545,502,431,5
67,100,4,AttackerLevel.ADAPTIVE,1.0942459106445312,502,431,5
67,100,4,AttackerLevel.ADAPTIVE,1.0928781032562256,502,431,5
67,100,4,AttackerLevel.ADAPTIVE,1.0921175479888916,502,431,5
67,100,5,AttackerLevel.STATIC,0.7298867702484131,368,296,3
67,100,5,AttackerLevel.STATIC,0.5524332523345947,301,229,2
67,100,5,AttackerLevel.STATIC,0.7244374752044678,368,296,3
67,100,5,AttackerLevel.STATIC,0.5470237731933594,301,229,2
67,100,5,AttackerLevel.STATIC,0.7169067859649658,368,296,3
67,100,5,AttackerLevel.STATIC,0.7328248023986816,368,296,3
67,100,5,AttackerLevel.STATIC,0.7285563945770264,368,296,3
67,100,5,AttackerLevel.STATIC,0.549781084060669,301,229,2
67,100,5,AttackerLevel.STATIC,0.7253446578979492,368,296,3
67,100,5,AttackerLevel.STATIC,0.7208418846130371,368,296,3
67,100,5,AttackerLevel.STATIC_COORDINATION,1.3003222942352295,569,497,6
67,100,5,AttackerLevel.STATIC_COORDINATION,1.2695024013519287,569,497,6
67,100,5,AttackerLevel.STATIC_COORDINATION,1.0975713729858398,502,431,5
67,100,5,AttackerLevel.STATIC_COORDINATION,1.0988202095031738,502,431,5
67,100,5,AttackerLevel.STATIC_COORDINATION,1.2925419807434082,569,497,6
67,100,5,AttackerLevel.STATIC_COORDINATION,1.106081247329712,502,431,5
67,100,5,AttackerLevel.STATIC_COORDINATION,1.2906618118286133,569,497,6
67,100,5,AttackerLevel.STATIC_COORDINATION,1.2852990627288818,569,497,6
67,100,5,AttackerLevel.STATIC_COORDINATION,1.2858834266662598,569,497,6
67,100,5,AttackerLevel.STATIC_COORDINATION,1.2923364639282227,569,497,6
67,100,5,AttackerLevel.ADAPTIVE,1.2881991863250732,569,497,6
67,100,5,AttackerLevel.ADAPTIVE,1.3011891841888428,569,497,6
67,100,5,AttackerLevel.ADAPTIVE,1.2770226001739502,569,497,6
67,100,5,AttackerLevel.ADAPTIVE,1.297701120376587,569,497,6
67,100,5,AttackerLevel.ADAPTIVE,1.3038713932037354,569,497,6
67,100,5,AttackerLevel.ADAPTIVE,1.2927565574645996,569,497,6
67,100,5,AttackerLevel.ADAPTIVE,1.2978415489196777,569,497,6
67,100,5,AttackerLevel.ADAPTIVE,1.2849407196044922,569,497,6
67,100,5,AttackerLevel.ADAPTIVE,1.2906436920166016,569,497,6
67,100,5,AttackerLevel.ADAPTIVE,1.3025624752044678,569,497,6
67,100,6,AttackerLevel.STATIC,0.72076416015625,368,295,3
67,100,6,AttackerLevel.STATIC,0.7095444202423096,368,295,3
67,100,6,AttackerLevel.STATIC,0.7398357391357422,368,295,3
67,100,6,AttackerLevel.STATIC,0.7362980842590332,368,295,3
67,100,6,AttackerLevel.STATIC,0.7137720584869385,368,295,3
67,100,6,AttackerLevel.STATIC,0.7317628860473633,368,295,3
67,100,6,AttackerLevel.STATIC,0.5323805809020996,301,228,2
67,100,6,AttackerLevel.STATIC,0.7233693599700928,368,295,3
67,100,6,AttackerLevel.STATIC,0.7339348793029785,368,295,3
67,100,6,AttackerLevel.STATIC,0.7267084121704102,368,295,3
67,100,6,AttackerLevel.STATIC_COORDINATION,1.2906467914581299,569,497,6
67,100,6,AttackerLevel.STATIC_COORDINATION,1.4564950466156006,636,563,7
67,100,6,AttackerLevel.STATIC_COORDINATION,1.4837572574615479,636,563,7
67,100,6,AttackerLevel.STATIC_COORDINATION,1.4870917797088623,636,563,7
67,100,6,AttackerLevel.STATIC_COORDINATION,1.45731782913208,636,563,7
67,100,6,AttackerLevel.STATIC_COORDINATION,1.4674303531646729,636,563,7
67,100,6,AttackerLevel.STATIC_COORDINATION,1.1010873317718506,502,431,5
67,100,6,AttackerLevel.STATIC_COORDINATION,1.2934205532073975,569,497,6
67,100,6,AttackerLevel.STATIC_COORDINATION,1.4729902744293213,636,563,7
67,100,6,AttackerLevel.STATIC_COORDINATION,1.4602298736572266,636,563,7
67,100,6,AttackerLevel.ADAPTIVE,1.4626243114471436,636,563,7
67,100,6,AttackerLevel.ADAPTIVE,1.473721981048584,636,563,7
67,100,6,AttackerLevel.ADAPTIVE,1.4644520282745361,636,563,7
67,100,6,AttackerLevel.ADAPTIVE,1.457460880279541,636,563,7
67,100,6,AttackerLevel.ADAPTIVE,1.4580662250518799,636,563,7
67,100,6,AttackerLevel.ADAPTIVE,1.4603960514068604,636,563,7
67,100,6,AttackerLevel.ADAPTIVE,1.462803840637207,636,563,7
67,100,6,AttackerLevel.ADAPTIVE,1.4561262130737305,636,563,7
67,100,6,AttackerLevel.ADAPTIVE,1.4617035388946533,636,563,7
67,100,6,AttackerLevel.ADAPTIVE,1.4629950523376465,636,563,7
67,100,7,AttackerLevel.STATIC,0.7273051738739014,368,294,3
67,100,7,AttackerLevel.STATIC,0.7300992012023926,368,294,3
67,100,7,AttackerLevel.STATIC,0.7339849472045898,368,294,3
67,100,7,AttackerLevel.STATIC,0.7331669330596924,368,294,3
67,100,7,AttackerLevel.STATIC,0.7241499423980713,368,294,3
67,100,7,AttackerLevel.STATIC,0.7235991954803467,368,294,3
67,100,7,AttackerLevel.STATIC,0.540726900100708,301,227,2
67,100,7,AttackerLevel.STATIC,0.7340328693389893,368,294,3
67,100,7,AttackerLevel.STATIC,0.7119979858398438,368,294,3
67,100,7,AttackerLevel.STATIC,0.7251496315002441,368,294,3
67,100,7,AttackerLevel.STATIC_COORDINATION,1.6635706424713135,703,629,8
67,100,7,AttackerLevel.STATIC_COORDINATION,1.6867480278015137,703,629,8
67,100,7,AttackerLevel.STATIC_COORDINATION,1.6659846305847168,703,629,8
67,100,7,AttackerLevel.STATIC_COORDINATION,1.651775598526001,703,629,8
67,100,7,AttackerLevel.STATIC_COORDINATION,1.6470003128051758,703,629,8
67,100,7,AttackerLevel.STATIC_COORDINATION,1.6502766609191895,703,629,8
67,100,7,AttackerLevel.STATIC_COORDINATION,1.484112024307251,636,563,7
67,100,7,AttackerLevel.STATIC_COORDINATION,1.4729340076446533,636,563,7
67,100,7,AttackerLevel.STATIC_COORDINATION,1.6589105129241943,703,629,8
67,100,7,AttackerLevel.STATIC_COORDINATION,1.6722559928894043,703,629,8
67,100,7,AttackerLevel.ADAPTIVE,1.6746206283569336,703,629,8
67,100,7,AttackerLevel.ADAPTIVE,1.6529426574707031,703,629,8
67,100,7,AttackerLevel.ADAPTIVE,1.6455810070037842,703,629,8
67,100,7,AttackerLevel.ADAPTIVE,1.6760034561157227,703,629,8
67,100,7,AttackerLevel.ADAPTIVE,1.632880687713623,703,629,8
67,100,7,AttackerLevel.ADAPTIVE,1.6484856605529785,703,629,8
67,100,7,AttackerLevel.ADAPTIVE,1.6427221298217773,703,629,8
67,100,7,AttackerLevel.ADAPTIVE,1.6281561851501465,703,629,8
67,100,7,AttackerLevel.ADAPTIVE,1.6475257873535156,703,629,8
67,100,7,AttackerLevel.ADAPTIVE,1.6642088890075684,703,629,8
67,100,8,AttackerLevel.STATIC,0.7230618000030518,368,293,3
67,100,8,AttackerLevel.STATIC,0.7354030609130859,368,293,3
67,100,8,AttackerLevel.STATIC,0.7275784015655518,368,293,3
67,100,8,AttackerLevel.STATIC,0.7346844673156738,368,293,3
67,100,8,AttackerLevel.STATIC,0.7244436740875244,368,293,3
67,100,8,AttackerLevel.STATIC,0.7417938709259033,368,293,3
67,100,8,AttackerLevel.STATIC,0.7373142242431641,368,293,3
67,100,8,AttackerLevel.STATIC,0.7176864147186279,368,293,3
67,100,8,AttackerLevel.STATIC,0.7211198806762695,368,293,3
67,100,8,AttackerLevel.STATIC,0.7218146324157715,368,293,3
67,100,8,AttackerLevel.STATIC_COORDINATION,1.8365168571472168,770,695,9
67,100,8,AttackerLevel.STATIC_COORDINATION,1.7994563579559326,770,695,9
67,100,8,AttackerLevel.STATIC_COORDINATION,1.8165419101715088,770,695,9
67,100,8,AttackerLevel.STATIC_COORDINATION,1.8383846282958984,770,695,9
67,100,8,AttackerLevel.STATIC_COORDINATION,1.853766918182373,770,695,9
67,100,8,AttackerLevel.STATIC_COORDINATION,1.8456790447235107,770,695,9
67,100,8,AttackerLevel.STATIC_COORDINATION,1.8455355167388916,770,695,9
67,100,8,AttackerLevel.STATIC_COORDINATION,1.8209187984466553,770,695,9
67,100,8,AttackerLevel.STATIC_COORDINATION,1.8326585292816162,770,695,9
67,100,8,AttackerLevel.STATIC_COORDINATION,1.8429129123687744,770,695,9
67,100,8,AttackerLevel.ADAPTIVE,1.8444490432739258,770,695,9
67,100,8,AttackerLevel.ADAPTIVE,1.8423614501953125,770,695,9
67,100,8,AttackerLevel.ADAPTIVE,1.8476307392120361,770,695,9
67,100,8,AttackerLevel.ADAPTIVE,1.8404405117034912,770,695,9
67,100,8,AttackerLevel.ADAPTIVE,1.8126866817474365,770,695,9
67,100,8,AttackerLevel.ADAPTIVE,1.8363382816314697,770,695,9
67,100,8,AttackerLevel.ADAPTIVE,1.8312251567840576,770,695,9
67,100,8,AttackerLevel.ADAPTIVE,1.8424420356750488,770,695,9
67,100,8,AttackerLevel.ADAPTIVE,1.8565647602081299,770,695,9
67,100,8,AttackerLevel.ADAPTIVE,1.847782850265503,770,695,9
67,100,9,AttackerLevel.STATIC,0.7142510414123535,368,292,3
67,100,9,AttackerLevel.STATIC,0.7377305030822754,368,292,3
67,100,9,AttackerLevel.STATIC,0.7413110733032227,368,292,3
67,100,9,AttackerLevel.STATIC,0.7259578704833984,368,292,3
67,100,9,AttackerLevel.STATIC,0.7324924468994141,368,292,3
67,100,9,AttackerLevel.STATIC,0.7284386157989502,368,292,3
67,100,9,AttackerLevel.STATIC,0.7353756427764893,368,292,3
67,100,9,AttackerLevel.STATIC,0.7212517261505127,368,292,3
67,100,9,AttackerLevel.STATIC,0.7309713363647461,368,292,3
67,100,9,AttackerLevel.STATIC,0.7314507961273193,368,292,3
67,100,9,AttackerLevel.STATIC_COORDINATION,2.0371527671813965,837,761,10
67,100,9,AttackerLevel.STATIC_COORDINATION,1.8261022567749023,770,695,9
67,100,9,AttackerLevel.STATIC_COORDINATION,2.002539873123169,837,761,10
67,100,9,AttackerLevel.STATIC_COORDINATION,1.6335482597351074,703,629,8
67,100,9,AttackerLevel.STATIC_COORDINATION,1.831085443496704,770,695,9
67,100,9,AttackerLevel.STATIC_COORDINATION,2.0024051666259766,837,761,10
67,100,9,AttackerLevel.STATIC_COORDINATION,1.8347342014312744,770,695,9
67,100,9,AttackerLevel.STATIC_COORDINATION,2.0160984992980957,837,761,10
67,100,9,AttackerLevel.STATIC_COORDINATION,1.8165040016174316,770,695,9
67,100,9,AttackerLevel.STATIC_COORDINATION,1.8286101818084717,770,695,9
67,100,9,AttackerLevel.ADAPTIVE,2.0152151584625244,837,761,10
67,100,9,AttackerLevel.ADAPTIVE,2.021404266357422,837,761,10
67,100,9,AttackerLevel.ADAPTIVE,2.025123119354248,837,761,10
67,100,9,AttackerLevel.ADAPTIVE,2.0096309185028076,837,761,10
67,100,9,AttackerLevel.ADAPTIVE,2.022639274597168,837,761,10
67,100,9,AttackerLevel.ADAPTIVE,2.020437717437744,837,761,10
67,100,9,AttackerLevel.ADAPTIVE,2.0313351154327393,837,761,10
67,100,9,AttackerLevel.ADAPTIVE,2.023582935333252,837,761,10
67,100,9,AttackerLevel.ADAPTIVE,2.026344060897827,837,761,10
67,100,9,AttackerLevel.ADAPTIVE,2.0077738761901855,837,761,10
67,100,10,AttackerLevel.STATIC,0.7230126857757568,368,291,3
67,100,10,AttackerLevel.STATIC,0.7158114910125732,368,291,3
67,100,10,AttackerLevel.STATIC,0.5459287166595459,301,224,2
67,100,10,AttackerLevel.STATIC,0.7397975921630859,368,291,3
67,100,10,AttackerLevel.STATIC,0.7183823585510254,368,291,3
67,100,10,AttackerLevel.STATIC,0.7366518974304199,368,291,3
67,100,10,AttackerLevel.STATIC,0.7217264175415039,368,291,3
67,100,10,AttackerLevel.STATIC,0.7256929874420166,368,291,3
67,100,10,AttackerLevel.STATIC,0.7153499126434326,368,291,3
67,100,10,AttackerLevel.STATIC,0.7282841205596924,368,291,3
67,100,10,AttackerLevel.STATIC_COORDINATION,2.1978917121887207,904,827,11
67,100,10,AttackerLevel.STATIC_COORDINATION,2.173888683319092,904,827,11
67,100,10,AttackerLevel.STATIC_COORDINATION,2.221525192260742,904,827,11
67,100,10,AttackerLevel.STATIC_COORDINATION,2.1768088340759277,904,827,11
67,100,10,AttackerLevel.STATIC_COORDINATION,2.218920946121216,904,827,11
67,100,10,AttackerLevel.STATIC_COORDINATION,2.0058698654174805,837,761,10
67,100,10,AttackerLevel.STATIC_COORDINATION,2.0528364181518555,837,761,10
67,100,10,AttackerLevel.STATIC_COORDINATION,2.034883975982666,837,761,10
67,100,10,AttackerLevel.STATIC_COORDINATION,2.1964118480682373,904,827,11
67,100,10,AttackerLevel.STATIC_COORDINATION,2.0387818813323975,837,761,10
67,100,10,AttackerLevel.ADAPTIVE,2.185403823852539,904,827,11
67,100,10,AttackerLevel.ADAPTIVE,2.2128732204437256,904,827,11
67,100,10,AttackerLevel.ADAPTIVE,2.1922383308410645,904,827,11
67,100,10,AttackerLevel.ADAPTIVE,2.2213938236236572,904,827,11
67,100,10,AttackerLevel.ADAPTIVE,2.2108962535858154,904,827,11
67,100,10,AttackerLevel.ADAPTIVE,2.2049474716186523,904,827,11
67,100,10,AttackerLevel.ADAPTIVE,2.209198236465454,904,827,11
67,100,10,AttackerLevel.ADAPTIVE,2.2051851749420166,904,827,11
67,100,10,AttackerLevel.ADAPTIVE,2.189539909362793,904,827,11
67,100,10,AttackerLevel.ADAPTIVE,2.2268857955932617,904,827,11
67,100,11,AttackerLevel.STATIC,0.7310991287231445,368,290,3
67,100,11,AttackerLevel.STATIC,0.7377831935882568,368,290,3
67,100,11,AttackerLevel.STATIC,0.7323484420776367,368,290,3
67,100,11,AttackerLevel.STATIC,0.7255308628082275,368,290,3
67,100,11,AttackerLevel.STATIC,0.7323713302612305,368,290,3
67,100,11,AttackerLevel.STATIC,0.7394607067108154,368,290,3
67,100,11,AttackerLevel.STATIC,0.7404088973999023,368,290,3
67,100,11,AttackerLevel.STATIC,0.7286708354949951,368,290,3
67,100,11,AttackerLevel.STATIC,0.7359580993652344,368,290,3
67,100,11,AttackerLevel.STATIC,0.738222599029541,368,290,3
67,100,11,AttackerLevel.STATIC_COORDINATION,2.223402976989746,904,827,11
67,100,11,AttackerLevel.STATIC_COORDINATION,2.388270854949951,971,893,12
67,100,11,AttackerLevel.STATIC_COORDINATION,2.3843910694122314,971,893,12
67,100,11,AttackerLevel.STATIC_COORDINATION,2.3908700942993164,971,893,12
67,100,11,AttackerLevel.STATIC_COORDINATION,2.4104366302490234,971,893,12
67,100,11,AttackerLevel.STATIC_COORDINATION,2.395991563796997,971,893,12
67,100,11,AttackerLevel.STATIC_COORDINATION,2.3994522094726562,971,893,12
67,100,11,AttackerLevel.STATIC_COORDINATION,2.2084834575653076,904,827,11
67,100,11,AttackerLevel.STATIC_COORDINATION,2.3873891830444336,971,893,12
67,100,11,AttackerLevel.STATIC_COORDINATION,2.411585569381714,971,893,12
67,100,11,AttackerLevel.ADAPTIVE,2.399409294128418,971,893,12
67,100,11,AttackerLevel.ADAPTIVE,2.3964743614196777,971,893,12
67,100,11,AttackerLevel.ADAPTIVE,2.418367624282837,971,893,12
67,100,11,AttackerLevel.ADAPTIVE,2.42910099029541,971,893,12
67,100,11,AttackerLevel.ADAPTIVE,2.4183740615844727,971,893,12
67,100,11,AttackerLevel.ADAPTIVE,2.410569190979004,971,893,12
67,100,11,AttackerLevel.ADAPTIVE,2.3960037231445312,971,893,12
67,100,11,AttackerLevel.ADAPTIVE,2.3875434398651123,971,893,12
67,100,11,AttackerLevel.ADAPTIVE,2.3773932456970215,971,893,12
67,100,11,AttackerLevel.ADAPTIVE,2.398972511291504,971,893,12
67,100,12,AttackerLevel.STATIC,0.7496256828308105,368,289,3
67,100,12,AttackerLevel.STATIC,0.731339693069458,368,289,3
67,100,12,AttackerLevel.STATIC,0.7344090938568115,368,289,3
67,100,12,AttackerLevel.STATIC,0.7240419387817383,368,289,3
67,100,12,AttackerLevel.STATIC,0.7390625476837158,368,289,3
67,100,12,AttackerLevel.STATIC,0.7288129329681396,368,289,3
67,100,12,AttackerLevel.STATIC,0.7349729537963867,368,289,3
67,100,12,AttackerLevel.STATIC,0.7319560050964355,368,289,3
67,100,12,AttackerLevel.STATIC,0.7250058650970459,368,289,3
67,100,12,AttackerLevel.STATIC,0.732008695602417,368,289,3
67,100,12,AttackerLevel.STATIC_COORDINATION,2.5750436782836914,1038,959,13
67,100,12,AttackerLevel.STATIC_COORDINATION,2.5884146690368652,1038,959,13
67,100,12,AttackerLevel.STATIC_COORDINATION,2.5801711082458496,1038,959,13
67,100,12,AttackerLevel.STATIC_COORDINATION,2.5867364406585693,1038,959,13
67,100,12,AttackerLevel.STATIC_COORDINATION,2.5586838722229004,1038,959,13
67,100,12,AttackerLevel.STATIC_COORDINATION,2.584758996963501,1038,959,13
67,100,12,AttackerLevel.STATIC_COORDINATION,2.568993091583252,1038,959,13
67,100,12,AttackerLevel.STATIC_COORDINATION,2.5996382236480713,1038,959,13
67,100,12,AttackerLevel.STATIC_COORDINATION,2.023197889328003,837,761,10
67,100,12,AttackerLevel.STATIC_COORDINATION,2.2024073600769043,904,827,11
67,100,12,AttackerLevel.ADAPTIVE,2.5830421447753906,1038,959,13
67,100,12,AttackerLevel.ADAPTIVE,2.5670626163482666,1038,959,13
67,100,12,AttackerLevel.ADAPTIVE,2.578700065612793,1038,959,13
67,100,12,AttackerLevel.ADAPTIVE,2.5782320499420166,1038,959,13
67,100,12,AttackerLevel.ADAPTIVE,2.6021671295166016,1038,959,13
67,100,12,AttackerLevel.ADAPTIVE,2.5735666751861572,1038,959,13
67,100,12,AttackerLevel.ADAPTIVE,2.5958852767944336,1038,959,13
67,100,12,AttackerLevel.ADAPTIVE,2.5574734210968018,1038,959,13
67,100,12,AttackerLevel.ADAPTIVE,2.570862054824829,1038,959,13
67,100,12,AttackerLevel.ADAPTIVE,2.5925815105438232,1038,959,13
67,100,13,AttackerLevel.STATIC,0.7256934642791748,368,288,3
67,100,13,AttackerLevel.STATIC,0.7298924922943115,368,288,3
67,100,13,AttackerLevel.STATIC,0.7273142337799072,368,288,3
67,100,13,AttackerLevel.STATIC,0.7159290313720703,368,288,3
67,100,13,AttackerLevel.STATIC,0.7406108379364014,368,288,3
67,100,13,AttackerLevel.STATIC,0.7413246631622314,368,288,3
67,100,13,AttackerLevel.STATIC,0.7449493408203125,368,288,3
67,100,13,AttackerLevel.STATIC,0.731604814529419,368,288,3
67,100,13,AttackerLevel.STATIC,0.7409508228302002,368,288,3
67,100,13,AttackerLevel.STATIC,0.7399919033050537,368,288,3
67,100,13,AttackerLevel.STATIC_COORDINATION,2.789391279220581,1105,1025,14
67,100,13,AttackerLevel.STATIC_COORDINATION,2.7742276191711426,1105,1025,14
67,100,13,AttackerLevel.STATIC_COORDINATION,2.781986951828003,1105,1025,14
67,100,13,AttackerLevel.STATIC_COORDINATION,2.5691967010498047,1038,959,13
67,100,13,AttackerLevel.STATIC_COORDINATION,2.742539167404175,1105,1025,14
67,100,13,AttackerLevel.STATIC_COORDINATION,2.585789203643799,1038,959,13
67,100,13,AttackerLevel.STATIC_COORDINATION,2.7357006072998047,1105,1025,14
67,100,13,AttackerLevel.STATIC_COORDINATION,2.792128324508667,1105,1025,14
67,100,13,AttackerLevel.STATIC_COORDINATION,2.772775411605835,1105,1025,14
67,100,13,AttackerLevel.STATIC_COORDINATION,2.2288947105407715,904,827,11
67,100,13,AttackerLevel.ADAPTIVE,2.7374911308288574,1105,1025,14
67,100,13,AttackerLevel.ADAPTIVE,2.7487175464630127,1105,1025,14
67,100,13,AttackerLevel.ADAPTIVE,2.729544162750244,1105,1025,14
67,100,13,AttackerLevel.ADAPTIVE,2.7512526512145996,1105,1025,14
67,100,13,AttackerLevel.ADAPTIVE,2.735539197921753,1105,1025,14
67,100,13,AttackerLevel.ADAPTIVE,2.7600865364074707,1105,1025,14
67,100,13,AttackerLevel.ADAPTIVE,2.741035223007202,1105,1025,14
67,100,13,AttackerLevel.ADAPTIVE,2.7738161087036133,1105,1025,14
67,100,13,AttackerLevel.ADAPTIVE,2.7478528022766113,1105,1025,14
67,100,13,AttackerLevel.ADAPTIVE,2.7224581241607666,1105,1025,14
67,100,14,AttackerLevel.STATIC,0.7343883514404297,368,287,3
67,100,14,AttackerLevel.STATIC,0.7296180725097656,368,287,3
67,100,14,AttackerLevel.STATIC,0.7253048419952393,368,287,3
67,100,14,AttackerLevel.STATIC,0.7386183738708496,368,287,3
67,100,14,AttackerLevel.STATIC,0.7443394660949707,368,287,3
67,100,14,AttackerLevel.STATIC,0.7371971607208252,368,287,3
67,100,14,AttackerLevel.STATIC,0.7151172161102295,368,287,3
67,100,14,AttackerLevel.STATIC,0.7142891883850098,368,287,3
67,100,14,AttackerLevel.STATIC,0.7282431125640869,368,287,3
67,100,14,AttackerLevel.STATIC,0.714404821395874,368,287,3
67,100,14,AttackerLevel.STATIC_COORDINATION,2.7535908222198486,1105,1025,14
67,100,14,AttackerLevel.STATIC_COORDINATION,2.9432106018066406,1172,1091,15
67,100,14,AttackerLevel.STATIC_COORDINATION,2.7790675163269043,1105,1025,14
67,100,14,AttackerLevel.STATIC_COORDINATION,2.9440255165100098,1172,1091,15
67,100,14,AttackerLevel.STATIC_COORDINATION,2.933286190032959,1172,1091,15
67,100,14,AttackerLevel.STATIC_COORDINATION,2.950817584991455,1172,1091,15
67,100,14,AttackerLevel.STATIC_COORDINATION,2.7718417644500732,1105,1025,14
67,100,14,AttackerLevel.STATIC_COORDINATION,2.942322254180908,1172,1091,15
67,100,14,AttackerLevel.STATIC_COORDINATION,2.7463133335113525,1105,1025,14
67,100,14,AttackerLevel.STATIC_COORDINATION,2.951582193374634,1172,1091,15
67,100,14,AttackerLevel.ADAPTIVE,2.9433796405792236,1172,1091,15
67,100,14,AttackerLevel.ADAPTIVE,2.9165663719177246,1172,1091,15
67,100,14,AttackerLevel.ADAPTIVE,2.926154851913452,1172,1091,15
67,100,14,AttackerLevel.ADAPTIVE,2.9602444171905518,1172,1091,15
67,100,14,AttackerLevel.ADAPTIVE,2.920471429824829,1172,1091,15
67,100,14,AttackerLevel.ADAPTIVE,2.941387176513672,1172,1091,15
67,100,14,AttackerLevel.ADAPTIVE,2.9226882457733154,1172,1091,15
67,100,14,AttackerLevel.ADAPTIVE,2.9438581466674805,1172,1091,15
67,100,14,AttackerLevel.ADAPTIVE,2.9333126544952393,1172,1091,15
67,100,14,AttackerLevel.ADAPTIVE,2.9667890071868896,1172,1091,15
67,100,15,AttackerLevel.STATIC,0.7332713603973389,368,286,3
67,100,15,AttackerLevel.STATIC,0.7298412322998047,368,286,3
67,100,15,AttackerLevel.STATIC,0.7400527000427246,368,286,3
67,100,15,AttackerLevel.STATIC,0.7266519069671631,368,286,3
67,100,15,AttackerLevel.STATIC,0.7334609031677246,368,286,3
67,100,15,AttackerLevel.STATIC,0.7375128269195557,368,286,3
67,100,15,AttackerLevel.STATIC,0.7308025360107422,368,286,3
67,100,15,AttackerLevel.STATIC,0.7320184707641602,368,286,3
67,100,15,AttackerLevel.STATIC,0.7210664749145508,368,286,3
67,100,15,AttackerLevel.STATIC,0.7464146614074707,368,286,3
67,100,15,AttackerLevel.STATIC_COORDINATION,2.7594716548919678,1105,1025,14
67,100,15,AttackerLevel.STATIC_COORDINATION,2.930630922317505,1172,1091,15
67,100,15,AttackerLevel.STATIC_COORDINATION,3.114036798477173,1239,1157,16
67,100,15,AttackerLevel.STATIC_COORDINATION,3.1204605102539062,1239,1157,16
67,100,15,AttackerLevel.STATIC_COORDINATION,3.1169235706329346,1239,1157,16
67,100,15,AttackerLevel.STATIC_COORDINATION,3.1264100074768066,1239,1157,16
67,100,15,AttackerLevel.STATIC_COORDINATION,3.11983323097229,1239,1157,16
67,100,15,AttackerLevel.STATIC_COORDINATION,3.1041457653045654,1239,1157,16
67,100,15,AttackerLevel.STATIC_COORDINATION,3.0941779613494873,1239,1157,16
67,100,15,AttackerLevel.STATIC_COORDINATION,3.10219407081604,1239,1157,16
67,100,15,AttackerLevel.ADAPTIVE,3.1264054775238037,1239,1157,16
67,100,15,AttackerLevel.ADAPTIVE,3.083622455596924,1239,1157,16
67,100,15,AttackerLevel.ADAPTIVE,3.1327669620513916,1239,1157,16
67,100,15,AttackerLevel.ADAPTIVE,3.1120541095733643,1239,1157,16
67,100,15,AttackerLevel.ADAPTIVE,3.084589719772339,1239,1157,16
67,100,15,AttackerLevel.ADAPTIVE,3.1176562309265137,1239,1157,16
67,100,15,AttackerLevel.ADAPTIVE,3.122647762298584,1239,1157,16
67,100,15,AttackerLevel.ADAPTIVE,3.1390137672424316,1239,1157,16
67,100,15,AttackerLevel.ADAPTIVE,3.131622791290283,1239,1157,16
67,100,15,AttackerLevel.ADAPTIVE,3.114737033843994,1239,1157,16
67,100,16,AttackerLevel.STATIC,0.7315666675567627,368,285,3
67,100,16,AttackerLevel.STATIC,0.7310044765472412,368,285,3
67,100,16,AttackerLevel.STATIC,0.7398326396942139,368,285,3
67,100,16,AttackerLevel.STATIC,0.7225332260131836,368,285,3
67,100,16,AttackerLevel.STATIC,0.7360134124755859,368,285,3
67,100,16,AttackerLevel.STATIC,0.7354841232299805,368,285,3
67,100,16,AttackerLevel.STATIC,0.7371044158935547,368,285,3
67,100,16,AttackerLevel.STATIC,0.7217278480529785,368,285,3
67,100,16,AttackerLevel.STATIC,0.7261347770690918,368,285,3
67,100,16,AttackerLevel.STATIC,0.721266508102417,368,285,3
67,100,16,AttackerLevel.STATIC_COORDINATION,3.3137807846069336,1306,1223,17
67,100,16,AttackerLevel.STATIC_COORDINATION,3.339940071105957,1306,1223,17
67,100,16,AttackerLevel.STATIC_COORDINATION,3.315753221511841,1306,1223,17
67,100,16,AttackerLevel.STATIC_COORDINATION,3.3338098526000977,1306,1223,17
67,100,16,AttackerLevel.STATIC_COORDINATION,3.1413540840148926,1239,1157,16
67,100,16,AttackerLevel.STATIC_COORDINATION,3.337604284286499,1306,1223,17
67,100,16,AttackerLevel.STATIC_COORDINATION,3.1352739334106445,1239,1157,16
67,100,16,AttackerLevel.STATIC_COORDINATION,3.3122971057891846,1306,1223,17
67,100,16,AttackerLevel.STATIC_COORDINATION,3.2855842113494873,1306,1223,17
67,100,16,AttackerLevel.STATIC_COORDINATION,3.328346014022827,1306,1223,17
67,100,16,AttackerLevel.ADAPTIVE,3.3256406784057617,1306,1223,17
67,100,16,AttackerLevel.ADAPTIVE,3.286806583404541,1306,1223,17
67,100,16,AttackerLevel.ADAPTIVE,3.319498300552368,1306,1223,17
67,100,16,AttackerLevel.ADAPTIVE,3.2992260456085205,1306,1223,17
67,100,16,AttackerLevel.ADAPTIVE,3.3170926570892334,1306,1223,17
67,100,16,AttackerLevel.ADAPTIVE,3.340747356414795,1306,1223,17
67,100,16,AttackerLevel.ADAPTIVE,3.3199167251586914,1306,1223,17
67,100,16,AttackerLevel.ADAPTIVE,3.3404576778411865,1306,1223,17
67,100,16,AttackerLevel.ADAPTIVE,3.327427864074707,1306,1223,17
67,100,16,AttackerLevel.ADAPTIVE,3.327507495880127,1306,1223,17
67,100,17,AttackerLevel.STATIC,0.7353067398071289,368,284,3
67,100,17,AttackerLevel.STATIC,0.7351441383361816,368,284,3
67,100,17,AttackerLevel.STATIC,0.7341668605804443,368,284,3
67,100,17,AttackerLevel.STATIC,0.720423698425293,368,284,3
67,100,17,AttackerLevel.STATIC,0.7280256748199463,368,284,3
67,100,17,AttackerLevel.STATIC,0.740046501159668,368,284,3
67,100,17,AttackerLevel.STATIC,0.7339930534362793,368,284,3
67,100,17,AttackerLevel.STATIC,0.7235515117645264,368,284,3
67,100,17,AttackerLevel.STATIC,0.7317249774932861,368,284,3
67,100,17,AttackerLevel.STATIC,0.7301528453826904,368,284,3
67,100,17,AttackerLevel.STATIC_COORDINATION,3.460521697998047,1373,1289,18
67,100,17,AttackerLevel.STATIC_COORDINATION,3.482764482498169,1373,1289,18
67,100,17,AttackerLevel.STATIC_COORDINATION,3.309108257293701,1306,1223,17
67,100,17,AttackerLevel.STATIC_COORDINATION,3.315087080001831,1306,1223,17
67,100,17,AttackerLevel.STATIC_COORDINATION,3.4514994621276855,1373,1289,18
67,100,17,AttackerLevel.STATIC_COORDINATION,3.482944965362549,1373,1289,18
67,100,17,AttackerLevel.STATIC_COORDINATION,3.469120502471924,1373,1289,18
67,100,17,AttackerLevel.STATIC_COORDINATION,3.51351261138916,1373,1289,18
67,100,17,AttackerLevel.STATIC_COORDINATION,3.477419376373291,1373,1289,18
67,100,17,AttackerLevel.STATIC_COORDINATION,3.497943162918091,1373,1289,18
67,100,17,AttackerLevel.ADAPTIVE,3.502650499343872,1373,1289,18
67,100,17,AttackerLevel.ADAPTIVE,3.4781439304351807,1373,1289,18
67,100,17,AttackerLevel.ADAPTIVE,3.526390790939331,1373,1289,18
67,100,17,AttackerLevel.ADAPTIVE,3.4899890422821045,1373,1289,18
67,100,17,AttackerLevel.ADAPTIVE,3.4823429584503174,1373,1289,18
67,100,17,AttackerLevel.ADAPTIVE,3.4851958751678467,1373,1289,18
67,100,17,AttackerLevel.ADAPTIVE,3.4954094886779785,1373,1289,18
67,100,17,AttackerLevel.ADAPTIVE,3.508938789367676,1373,1289,18
67,100,17,AttackerLevel.ADAPTIVE,3.5023183822631836,1373,1289,18
67,100,17,AttackerLevel.ADAPTIVE,3.4690101146698,1373,1289,18
67,100,18,AttackerLevel.STATIC,0.7221589088439941,368,283,3
67,100,18,AttackerLevel.STATIC,0.7319004535675049,368,283,3
67,100,18,AttackerLevel.STATIC,0.7307875156402588,368,283,3
67,100,18,AttackerLevel.STATIC,0.729595422744751,368,283,3
67,100,18,AttackerLevel.STATIC,0.7314982414245605,368,283,3
67,100,18,AttackerLevel.STATIC,0.7179806232452393,368,283,3
67,100,18,AttackerLevel.STATIC,0.7437925338745117,368,283,3
67,100,18,AttackerLevel.STATIC,0.727902889251709,368,283,3
67,100,18,AttackerLevel.STATIC,0.7361764907836914,368,283,3
67,100,18,AttackerLevel.STATIC,0.7158205509185791,368,283,3
67,100,18,AttackerLevel.STATIC_COORDINATION,3.4785704612731934,1373,1289,18
67,100,18,AttackerLevel.STATIC_COORDINATION,3.672832727432251,1440,1355,19
67,100,18,AttackerLevel.STATIC_COORDINATION,3.660005807876587,1440,1355,19
67,100,18,AttackerLevel.STATIC_COORDINATION,3.6943726539611816,1440,1355,19
67,100,18,AttackerLevel.STATIC_COORDINATION,3.6400935649871826,1440,1355,19
67,100,18,AttackerLevel.STATIC_COORDINATION,3.698488235473633,1440,1355,19
67,100,18,AttackerLevel.STATIC_COORDINATION,3.693837881088257,1440,1355,19
67,100,18,AttackerLevel.STATIC_COORDINATION,3.6409153938293457,1440,1355,19
67,100,18,AttackerLevel.STATIC_COORDINATION,3.6671957969665527,1440,1355,19
67,100,18,AttackerLevel.STATIC_COORDINATION,3.314971923828125,1306,1223,17
67,100,18,AttackerLevel.ADAPTIVE,3.686957597732544,1440,1355,19
67,100,18,AttackerLevel.ADAPTIVE,3.6788747310638428,1440,1355,19
67,100,18,AttackerLevel.ADAPTIVE,3.6672675609588623,1440,1355,19
67,100,18,AttackerLevel.ADAPTIVE,3.6754488945007324,1440,1355,19
67,100,18,AttackerLevel.ADAPTIVE,3.669816493988037,1440,1355,19
67,100,18,AttackerLevel.ADAPTIVE,3.7006239891052246,1440,1355,19
67,100,18,AttackerLevel.ADAPTIVE,3.6607089042663574,1440,1355,19
67,100,18,AttackerLevel.ADAPTIVE,3.699370861053467,1440,1355,19
67,100,18,AttackerLevel.ADAPTIVE,3.708944797515869,1440,1355,19
67,100,18,AttackerLevel.ADAPTIVE,3.661571979522705,1440,1355,19
67,100,19,AttackerLevel.STATIC,0.7216196060180664,368,282,3
67,100,19,AttackerLevel.STATIC,0.7328903675079346,368,282,3
67,100,19,AttackerLevel.STATIC,0.7256646156311035,368,282,3
67,100,19,AttackerLevel.STATIC,0.7406318187713623,368,282,3
67,100,19,AttackerLevel.STATIC,0.7382280826568604,368,282,3
67,100,19,AttackerLevel.STATIC,0.722179651260376,368,282,3
67,100,19,AttackerLevel.STATIC,0.7402594089508057,368,282,3
67,100,19,AttackerLevel.STATIC,0.7220273017883301,368,282,3
67,100,19,AttackerLevel.STATIC,0.7269668579101562,368,282,3
67,100,19,AttackerLevel.STATIC,0.7252650260925293,368,282,3
67,100,19,AttackerLevel.STATIC_COORDINATION,3.8811874389648438,1507,1421,20
67,100,19,AttackerLevel.STATIC_COORDINATION,3.8316969871520996,1507,1421,20
67,100,19,AttackerLevel.STATIC_COORDINATION,3.8811705112457275,1507,1421,20
67,100,19,AttackerLevel.STATIC_COORDINATION,3.881894826889038,1507,1421,20
67,100,19,AttackerLevel.STATIC_COORDINATION,3.9080018997192383,1507,1421,20
67,100,19,AttackerLevel.STATIC_COORDINATION,3.830615997314453,1507,1421,20
67,100,19,AttackerLevel.STATIC_COORDINATION,2.945373058319092,1172,1091,15
67,100,19,AttackerLevel.STATIC_COORDINATION,3.844019651412964,1507,1421,20
67,100,19,AttackerLevel.STATIC_COORDINATION,3.8959436416625977,1507,1421,20
67,100,19,AttackerLevel.STATIC_COORDINATION,3.861746311187744,1507,1421,20
67,100,19,AttackerLevel.ADAPTIVE,3.8906168937683105,1507,1421,20
67,100,19,AttackerLevel.ADAPTIVE,3.8526175022125244,1507,1421,20
67,100,19,AttackerLevel.ADAPTIVE,3.87674617767334,1507,1421,20
67,100,19,AttackerLevel.ADAPTIVE,3.8769404888153076,1507,1421,20
67,100,19,AttackerLevel.ADAPTIVE,3.8539466857910156,1507,1421,20
67,100,19,AttackerLevel.ADAPTIVE,3.8568806648254395,1507,1421,20
67,100,19,AttackerLevel.ADAPTIVE,3.886359691619873,1507,1421,20
67,100,19,AttackerLevel.ADAPTIVE,3.8018600940704346,1507,1421,20
67,100,19,AttackerLevel.ADAPTIVE,3.85640549659729,1507,1421,20
67,100,19,AttackerLevel.ADAPTIVE,3.8857922554016113,1507,1421,20
67,100,20,AttackerLevel.STATIC,0.7252399921417236,368,281,3
67,100,20,AttackerLevel.STATIC,0.7374043464660645,368,281,3
67,100,20,AttackerLevel.STATIC,0.736365556716919,368,281,3
67,100,20,AttackerLevel.STATIC,0.729057788848877,368,281,3
67,100,20,AttackerLevel.STATIC,0.723513126373291,368,281,3
67,100,20,AttackerLevel.STATIC,0.7268753051757812,368,281,3
67,100,20,AttackerLevel.STATIC,0.7386467456817627,368,281,3
67,100,20,AttackerLevel.STATIC,0.7395687103271484,368,281,3
67,100,20,AttackerLevel.STATIC,0.7390158176422119,368,281,3
67,100,20,AttackerLevel.STATIC,0.731339693069458,368,281,3
67,100,20,AttackerLevel.STATIC_COORDINATION,4.074496746063232,1574,1487,21
67,100,20,AttackerLevel.STATIC_COORDINATION,4.0798821449279785,1574,1487,21
67,100,20,AttackerLevel.STATIC_COORDINATION,4.038147926330566,1574,1487,21
67,100,20,AttackerLevel.STATIC_COORDINATION,4.056686162948608,1574,1487,21
67,100,20,AttackerLevel.STATIC_COORDINATION,4.0570831298828125,1574,1487,21
67,100,20,AttackerLevel.STATIC_COORDINATION,4.095462083816528,1574,1487,21
67,100,20,AttackerLevel.STATIC_COORDINATION,4.083882570266724,1574,1487,21
67,100,20,AttackerLevel.STATIC_COORDINATION,3.5085666179656982,1373,1289,18
67,100,20,AttackerLevel.STATIC_COORDINATION,4.047804832458496,1574,1487,21
67,100,20,AttackerLevel.STATIC_COORDINATION,4.052987098693848,1574,1487,21
67,100,20,AttackerLevel.ADAPTIVE,4.0631608963012695,1574,1487,21
67,100,20,AttackerLevel.ADAPTIVE,4.06627631187439,1574,1487,21
67,100,20,AttackerLevel.ADAPTIVE,4.073132276535034,1574,1487,21
67,100,20,AttackerLevel.ADAPTIVE,4.0286359786987305,1574,1487,21
67,100,20,AttackerLevel.ADAPTIVE,4.03574013710022,1574,1487,21
67,100,20,AttackerLevel.ADAPTIVE,4.067704916000366,1574,1487,21
67,100,20,AttackerLevel.ADAPTIVE,4.017115831375122,1574,1487,21
67,100,20,AttackerLevel.ADAPTIVE,4.0683135986328125,1574,1487,21
67,100,20,AttackerLevel.ADAPTIVE,4.043192625045776,1574,1487,21
67,100,20,AttackerLevel.ADAPTIVE,4.048313140869141,1574,1487,21
67,100,21,AttackerLevel.STATIC,0.7209749221801758,368,280,3
67,100,21,AttackerLevel.STATIC,0.7322902679443359,368,280,3
67,100,21,AttackerLevel.STATIC,0.7247903347015381,368,280,3
67,100,21,AttackerLevel.STATIC,0.7381970882415771,368,280,3
67,100,21,AttackerLevel.STATIC,0.7332017421722412,368,280,3
67,100,21,AttackerLevel.STATIC,0.7374029159545898,368,280,3
67,100,21,AttackerLevel.STATIC,0.7261435985565186,368,280,3
67,100,21,AttackerLevel.STATIC,0.7388956546783447,368,280,3
67,100,21,AttackerLevel.STATIC,0.7289707660675049,368,280,3
67,100,21,AttackerLevel.STATIC,0.7230753898620605,368,280,3
67,100,21,AttackerLevel.STATIC_COORDINATION,3.6776881217956543,1440,1355,19
67,100,21,AttackerLevel.STATIC_COORDINATION,4.034512758255005,1574,1487,21
67,100,21,AttackerLevel.STATIC_COORDINATION,4.250866889953613,1641,1553,22
67,100,21,AttackerLevel.STATIC_COORDINATION,4.224695920944214,1641,1553,22
67,100,21,AttackerLevel.STATIC_COORDINATION,4.189705848693848,1641,1553,22
67,100,21,AttackerLevel.STATIC_COORDINATION,4.265650510787964,1641,1553,22
67,100,21,AttackerLevel.STATIC_COORDINATION,4.255099296569824,1641,1553,22
67,100,21,AttackerLevel.STATIC_COORDINATION,4.2330217361450195,1641,1553,22
67,100,21,AttackerLevel.STATIC_COORDINATION,4.042278051376343,1574,1487,21
67,100,21,AttackerLevel.STATIC_COORDINATION,4.204958915710449,1641,1553,22
67,100,21,AttackerLevel.ADAPTIVE,4.207085609436035,1641,1553,22
67,100,21,AttackerLevel.ADAPTIVE,4.213149309158325,1641,1553,22
67,100,21,AttackerLevel.ADAPTIVE,4.209682941436768,1641,1553,22
67,100,21,AttackerLevel.ADAPTIVE,4.2533042430877686,1641,1553,22
67,100,21,AttackerLevel.ADAPTIVE,4.21409797668457,1641,1553,22
67,100,21,AttackerLevel.ADAPTIVE,4.220029354095459,1641,1553,22
67,100,21,AttackerLevel.ADAPTIVE,4.22027587890625,1641,1553,22
67,100,21,AttackerLevel.ADAPTIVE,4.220010042190552,1641,1553,22
67,100,21,AttackerLevel.ADAPTIVE,4.2211713790893555,1641,1553,22
67,100,21,AttackerLevel.ADAPTIVE,4.245864391326904,1641,1553,22
67,100,22,AttackerLevel.STATIC,0.7256870269775391,368,279,3
67,100,22,AttackerLevel.STATIC,0.730640172958374,368,279,3
67,100,22,AttackerLevel.STATIC,0.7348332405090332,368,279,3
67,100,22,AttackerLevel.STATIC,0.7327628135681152,368,279,3
67,100,22,AttackerLevel.STATIC,0.7286913394927979,368,279,3
67,100,22,AttackerLevel.STATIC,0.7225594520568848,368,279,3
67,100,22,AttackerLevel.STATIC,0.7174553871154785,368,279,3
67,100,22,AttackerLevel.STATIC,0.7404286861419678,368,279,3
67,100,22,AttackerLevel.STATIC,0.7256383895874023,368,279,3
67,100,22,AttackerLevel.STATIC,0.7218809127807617,368,279,3
67,100,22,AttackerLevel.STATIC_COORDINATION,4.350983142852783,1708,1619,23
67,100,22,AttackerLevel.STATIC_COORDINATION,4.409510374069214,1708,1619,23
67,100,22,AttackerLevel.STATIC_COORDINATION,4.3745293617248535,1708,1619,23
67,100,22,AttackerLevel.STATIC_COORDINATION,4.414195537567139,1708,1619,23
67,100,22,AttackerLevel.STATIC_COORDINATION,4.438149929046631,1708,1619,23
67,100,22,AttackerLevel.STATIC_COORDINATION,4.429004669189453,1708,1619,23
67,100,22,AttackerLevel.STATIC_COORDINATION,4.382212400436401,1708,1619,23
67,100,22,AttackerLevel.STATIC_COORDINATION,4.442025423049927,1708,1619,23
67,100,22,AttackerLevel.STATIC_COORDINATION,4.430001258850098,1708,1619,23
67,100,22,AttackerLevel.STATIC_COORDINATION,4.352226495742798,1708,1619,23
67,100,22,AttackerLevel.ADAPTIVE,4.414865970611572,1708,1619,23
67,100,22,AttackerLevel.ADAPTIVE,4.417890310287476,1708,1619,23
67,100,22,AttackerLevel.ADAPTIVE,4.402595281600952,1708,1619,23
67,100,22,AttackerLevel.ADAPTIVE,4.4202680587768555,1708,1619,23
67,100,22,AttackerLevel.ADAPTIVE,4.382961750030518,1708,1619,23
67,100,22,AttackerLevel.ADAPTIVE,4.3939430713653564,1708,1619,23
67,100,22,AttackerLevel.ADAPTIVE,4.3761701583862305,1708,1619,23
67,100,22,AttackerLevel.ADAPTIVE,4.403915882110596,1708,1619,23
67,100,22,AttackerLevel.ADAPTIVE,4.41615629196167,1708,1619,23
67,100,22,AttackerLevel.ADAPTIVE,4.411118268966675,1708,1619,23
67,100,23,AttackerLevel.STATIC,0.7436697483062744,368,278,3
67,100,23,AttackerLevel.STATIC,0.731173038482666,368,278,3
67,100,23,AttackerLevel.STATIC,0.7283737659454346,368,278,3
67,100,23,AttackerLevel.STATIC,0.7295951843261719,368,278,3
67,100,23,AttackerLevel.STATIC,0.734379768371582,368,278,3
67,100,23,AttackerLevel.STATIC,0.714425802230835,368,278,3
67,100,23,AttackerLevel.STATIC,0.7281043529510498,368,278,3
67,100,23,AttackerLevel.STATIC,0.7288153171539307,368,278,3
67,100,23,AttackerLevel.STATIC,0.708315372467041,368,278,3
67,100,23,AttackerLevel.STATIC,0.73270583152771,368,278,3
67,100,23,AttackerLevel.STATIC_COORDINATION,4.603329420089722,1775,1685,24
67,100,23,AttackerLevel.STATIC_COORDINATION,4.616335391998291,1775,1685,24
67,100,23,AttackerLevel.STATIC_COORDINATION,4.589349985122681,1775,1685,24
67,100,23,AttackerLevel.STATIC_COORDINATION,4.613335609436035,1775,1685,24
67,100,23,AttackerLevel.STATIC_COORDINATION,4.609206438064575,1775,1685,24
67,100,23,AttackerLevel.STATIC_COORDINATION,4.4125261306762695,1708,1619,23
67,100,23,AttackerLevel.STATIC_COORDINATION,4.423917055130005,1708,1619,23
67,100,23,AttackerLevel.STATIC_COORDINATION,4.621349573135376,1775,1685,24
67,100,23,AttackerLevel.STATIC_COORDINATION,4.388085842132568,1708,1619,23
67,100,23,AttackerLevel.STATIC_COORDINATION,4.631755352020264,1775,1685,24
67,100,23,AttackerLevel.ADAPTIVE,4.612735986709595,1775,1685,24
67,100,23,AttackerLevel.ADAPTIVE,4.630258560180664,1775,1685,24
67,100,23,AttackerLevel.ADAPTIVE,4.634227991104126,1775,1685,24
67,100,23,AttackerLevel.ADAPTIVE,4.606858015060425,1775,1685,24
67,100,23,AttackerLevel.ADAPTIVE,4.63032078742981,1775,1685,24
67,100,23,AttackerLevel.ADAPTIVE,4.630933523178101,1775,1685,24
67,100,23,AttackerLevel.ADAPTIVE,4.6688501834869385,1775,1685,24
67,100,23,AttackerLevel.ADAPTIVE,4.595337629318237,1775,1685,24
67,100,23,AttackerLevel.ADAPTIVE,4.594042062759399,1775,1685,24
67,100,23,AttackerLevel.ADAPTIVE,4.559816122055054,1775,1685,24
67,100,24,AttackerLevel.STATIC,0.7158148288726807,368,277,3
67,100,24,AttackerLevel.STATIC,0.7258954048156738,368,277,3
67,100,24,AttackerLevel.STATIC,0.7270843982696533,368,277,3
67,100,24,AttackerLevel.STATIC,0.7212724685668945,368,277,3
67,100,24,AttackerLevel.STATIC,0.7227532863616943,368,277,3
67,100,24,AttackerLevel.STATIC,0.7316298484802246,368,277,3
67,100,24,AttackerLevel.STATIC,0.7220842838287354,368,277,3
67,100,24,AttackerLevel.STATIC,0.7237560749053955,368,277,3
67,100,24,AttackerLevel.STATIC,0.7393920421600342,368,277,3
67,100,24,AttackerLevel.STATIC,0.7303071022033691,368,277,3
67,100,24,AttackerLevel.STATIC_COORDINATION,4.776484251022339,1842,1751,25
67,100,24,AttackerLevel.STATIC_COORDINATION,4.720499277114868,1842,1751,25
67,100,24,AttackerLevel.STATIC_COORDINATION,4.821778774261475,1842,1751,25
67,100,24,AttackerLevel.STATIC_COORDINATION,4.746563673019409,1842,1751,25
67,100,24,AttackerLevel.STATIC_COORDINATION,4.785454988479614,1842,1751,25
67,100,24,AttackerLevel.STATIC_COORDINATION,4.807262420654297,1842,1751,25
67,100,24,AttackerLevel.STATIC_COORDINATION,4.777019262313843,1842,1751,25
67,100,24,AttackerLevel.STATIC_COORDINATION,4.8140974044799805,1842,1751,25
67,100,24,AttackerLevel.STATIC_COORDINATION,4.646978855133057,1775,1685,24
67,100,24,AttackerLevel.STATIC_COORDINATION,4.813377141952515,1842,1751,25
67,100,24,AttackerLevel.ADAPTIVE,4.774409532546997,1842,1751,25
67,100,24,AttackerLevel.ADAPTIVE,4.7595438957214355,1842,1751,25
67,100,24,AttackerLevel.ADAPTIVE,4.806167364120483,1842,1751,25
67,100,24,AttackerLevel.ADAPTIVE,4.806500196456909,1842,1751,25
67,100,24,AttackerLevel.ADAPTIVE,4.824377775192261,1842,1751,25
67,100,24,AttackerLevel.ADAPTIVE,4.844563007354736,1842,1751,25
67,100,24,AttackerLevel.ADAPTIVE,4.8260581493377686,1842,1751,25
67,100,24,AttackerLevel.ADAPTIVE,4.7709431648254395,1842,1751,25
67,100,24,AttackerLevel.ADAPTIVE,4.8317036628723145,1842,1751,25
67,100,24,AttackerLevel.ADAPTIVE,4.764333963394165,1842,1751,25
67,100,25,AttackerLevel.STATIC,0.7294275760650635,368,276,3
67,100,25,AttackerLevel.STATIC,0.7216198444366455,368,276,3
67,100,25,AttackerLevel.STATIC,0.7276480197906494,368,276,3
67,100,25,AttackerLevel.STATIC,0.7208595275878906,368,276,3
67,100,25,AttackerLevel.STATIC,0.7356269359588623,368,276,3
67,100,25,AttackerLevel.STATIC,0.736013650894165,368,276,3
67,100,25,AttackerLevel.STATIC,0.7357733249664307,368,276,3
67,100,25,AttackerLevel.STATIC,0.731781005859375,368,276,3
67,100,25,AttackerLevel.STATIC,0.7324717044830322,368,276,3
67,100,25,AttackerLevel.STATIC,0.7367870807647705,368,276,3
67,100,25,AttackerLevel.STATIC_COORDINATION,4.990545988082886,1909,1817,26
67,100,25,AttackerLevel.STATIC_COORDINATION,4.96163010597229,1909,1817,26
67,100,25,AttackerLevel.STATIC_COORDINATION,4.98101806640625,1909,1817,26
67,100,25,AttackerLevel.STATIC_COORDINATION,4.969162702560425,1909,1817,26
67,100,25,AttackerLevel.STATIC_COORDINATION,4.9957733154296875,1909,1817,26
67,100,25,AttackerLevel.STATIC_COORDINATION,5.02207088470459,1909,1817,26
67,100,25,AttackerLevel.STATIC_COORDINATION,4.9782795906066895,1909,1817,26
67,100,25,AttackerLevel.STATIC_COORDINATION,4.986643314361572,1909,1817,26
67,100,25,AttackerLevel.STATIC_COORDINATION,4.9608800411224365,1909,1817,26
67,100,25,AttackerLevel.STATIC_COORDINATION,4.965439558029175,1909,1817,26
67,100,25,AttackerLevel.ADAPTIVE,4.969857692718506,1909,1817,26
67,100,25,AttackerLevel.ADAPTIVE,4.9628002643585205,1909,1817,26
67,100,25,AttackerLevel.ADAPTIVE,4.9129369258880615,1909,1817,26
67,100,25,AttackerLevel.ADAPTIVE,4.981796979904175,1909,1817,26
67,100,25,AttackerLevel.ADAPTIVE,4.945538520812988,1909,1817,26
67,100,25,AttackerLevel.ADAPTIVE,4.95938777923584,1909,1817,26
67,100,25,AttackerLevel.ADAPTIVE,4.990995168685913,1909,1817,26
67,100,25,AttackerLevel.ADAPTIVE,4.995798110961914,1909,1817,26
67,100,25,AttackerLevel.ADAPTIVE,5.014121055603027,1909,1817,26
67,100,25,AttackerLevel.ADAPTIVE,4.961864709854126,1909,1817,26
67,100,26,AttackerLevel.STATIC,0.7367420196533203,368,275,3
67,100,26,AttackerLevel.STATIC,0.7125864028930664,368,275,3
67,100,26,AttackerLevel.STATIC,0.729175329208374,368,275,3
67,100,26,AttackerLevel.STATIC,0.7340481281280518,368,275,3
67,100,26,AttackerLevel.STATIC,0.7326991558074951,368,275,3
67,100,26,AttackerLevel.STATIC,0.7263143062591553,368,275,3
67,100,26,AttackerLevel.STATIC,0.7367637157440186,368,275,3
67,100,26,AttackerLevel.STATIC,0.7218036651611328,368,275,3
67,100,26,AttackerLevel.STATIC,0.7282741069793701,368,275,3
67,100,26,AttackerLevel.STATIC,0.7231767177581787,368,275,3
67,100,26,AttackerLevel.STATIC_COORDINATION,5.125408172607422,1976,1883,27
67,100,26,AttackerLevel.STATIC_COORDINATION,5.168482303619385,1976,1883,27
67,100,26,AttackerLevel.STATIC_COORDINATION,5.179157733917236,1976,1883,27
67,100,26,AttackerLevel.STATIC_COORDINATION,5.000665187835693,1909,1817,26
67,100,26,AttackerLevel.STATIC_COORDINATION,5.15199875831604,1976,1883,27
67,100,26,AttackerLevel.STATIC_COORDINATION,5.149753570556641,1976,1883,27
67,100,26,AttackerLevel.STATIC_COORDINATION,5.156180381774902,1976,1883,27
67,100,26,AttackerLevel.STATIC_COORDINATION,5.105754375457764,1976,1883,27
67,100,26,AttackerLevel.STATIC_COORDINATION,5.127547740936279,1976,1883,27
67,100,26,AttackerLevel.STATIC_COORDINATION,5.157270908355713,1976,1883,27
67,100,26,AttackerLevel.ADAPTIVE,5.195579290390015,1976,1883,27
67,100,26,AttackerLevel.ADAPTIVE,5.194455862045288,1976,1883,27
67,100,26,AttackerLevel.ADAPTIVE,5.142017841339111,1976,1883,27
67,100,26,AttackerLevel.ADAPTIVE,5.175755977630615,1976,1883,27
67,100,26,AttackerLevel.ADAPTIVE,5.171363115310669,1976,1883,27
67,100,26,AttackerLevel.ADAPTIVE,5.201810121536255,1976,1883,27
67,100,26,AttackerLevel.ADAPTIVE,5.225136041641235,1976,1883,27
67,100,26,AttackerLevel.ADAPTIVE,5.117099046707153,1976,1883,27
67,100,26,AttackerLevel.ADAPTIVE,5.193665504455566,1976,1883,27
67,100,26,AttackerLevel.ADAPTIVE,5.1337571144104,1976,1883,27
67,100,27,AttackerLevel.STATIC,0.739326000213623,368,274,3
67,100,27,AttackerLevel.STATIC,0.7412316799163818,368,274,3
67,100,27,AttackerLevel.STATIC,0.7318756580352783,368,274,3
67,100,27,AttackerLevel.STATIC,0.7319743633270264,368,274,3
67,100,27,AttackerLevel.STATIC,0.7416677474975586,368,274,3
67,100,27,AttackerLevel.STATIC,0.7228052616119385,368,274,3
67,100,27,AttackerLevel.STATIC,0.7273533344268799,368,274,3
67,100,27,AttackerLevel.STATIC,0.7336411476135254,368,274,3
67,100,27,AttackerLevel.STATIC,0.7198219299316406,368,274,3
67,100,27,AttackerLevel.STATIC,0.7337179183959961,368,274,3
67,100,27,AttackerLevel.STATIC_COORDINATION,5.374282360076904,2043,1949,28
67,100,27,AttackerLevel.STATIC_COORDINATION,5.332423448562622,2043,1949,28
67,100,27,AttackerLevel.STATIC_COORDINATION,5.366490840911865,2043,1949,28
67,100,27,AttackerLevel.STATIC_COORDINATION,5.362302541732788,2043,1949,28
67,100,27,AttackerLevel.STATIC_COORDINATION,5.318095922470093,2043,1949,28
67,100,27,AttackerLevel.STATIC_COORDINATION,5.314571857452393,2043,1949,28
67,100,27,AttackerLevel.STATIC_COORDINATION,5.343906879425049,2043,1949,28
67,100,27,AttackerLevel.STATIC_COORDINATION,5.344348192214966,2043,1949,28
67,100,27,AttackerLevel.STATIC_COORDINATION,5.152477979660034,1976,1883,27
67,100,27,AttackerLevel.STATIC_COORDINATION,5.323258876800537,2043,1949,28
67,100,27,AttackerLevel.ADAPTIVE,5.312412261962891,2043,1949,28
67,100,27,AttackerLevel.ADAPTIVE,5.3427958488464355,2043,1949,28
67,100,27,AttackerLevel.ADAPTIVE,5.336856365203857,2043,1949,28
67,100,27,AttackerLevel.ADAPTIVE,5.328767776489258,2043,1949,28
67,100,27,AttackerLevel.ADAPTIVE,5.35610294342041,2043,1949,28
67,100,27,AttackerLevel.ADAPTIVE,5.318106651306152,2043,1949,28
67,100,27,AttackerLevel.ADAPTIVE,5.334939002990723,2043,1949,28
67,100,27,AttackerLevel.ADAPTIVE,5.330698728561401,2043,1949,28
67,100,27,AttackerLevel.ADAPTIVE,5.360495328903198,2043,1949,28
67,100,27,AttackerLevel.ADAPTIVE,5.335428476333618,2043,1949,28
67,100,28,AttackerLevel.STATIC,0.7159888744354248,368,273,3
67,100,28,AttackerLevel.STATIC,0.7305567264556885,368,273,3
67,100,28,AttackerLevel.STATIC,0.7170467376708984,368,273,3
67,100,28,AttackerLevel.STATIC,0.7365078926086426,368,273,3
67,100,28,AttackerLevel.STATIC,0.7273774147033691,368,273,3
67,100,28,AttackerLevel.STATIC,0.7311043739318848,368,273,3
67,100,28,AttackerLevel.STATIC,0.7235836982727051,368,273,3
67,100,28,AttackerLevel.STATIC,0.7197773456573486,368,273,3
67,100,28,AttackerLevel.STATIC,0.7355151176452637,368,273,3
67,100,28,AttackerLevel.STATIC,0.7220032215118408,368,273,3
67,100,28,AttackerLevel.STATIC_COORDINATION,5.519890546798706,2110,2015,29
67,100,28,AttackerLevel.STATIC_COORDINATION,5.511219024658203,2110,2015,29
67,100,28,AttackerLevel.STATIC_COORDINATION,5.553004741668701,2110,2015,29
67,100,28,AttackerLevel.STATIC_COORDINATION,5.50063157081604,2110,2015,29
67,100,28,AttackerLevel.STATIC_COORDINATION,5.484375,2110,2015,29
67,100,28,AttackerLevel.STATIC_COORDINATION,5.539020299911499,2110,2015,29
67,100,28,AttackerLevel.STATIC_COORDINATION,5.517665863037109,2110,2015,29
67,100,28,AttackerLevel.STATIC_COORDINATION,5.528328895568848,2110,2015,29
67,100,28,AttackerLevel.STATIC_COORDINATION,5.533230304718018,2110,2015,29
67,100,28,AttackerLevel.STATIC_COORDINATION,5.527728080749512,2110,2015,29
67,100,28,AttackerLevel.ADAPTIVE,5.554259538650513,2110,2015,29
67,100,28,AttackerLevel.ADAPTIVE,5.511374235153198,2110,2015,29
67,100,28,AttackerLevel.ADAPTIVE,5.555572748184204,2110,2015,29
67,100,28,AttackerLevel.ADAPTIVE,5.510149955749512,2110,2015,29
67,100,28,AttackerLevel.ADAPTIVE,5.501917362213135,2110,2015,29
67,100,28,AttackerLevel.ADAPTIVE,5.546038866043091,2110,2015,29
67,100,28,AttackerLevel.ADAPTIVE,5.538116216659546,2110,2015,29
67,100,28,AttackerLevel.ADAPTIVE,5.535924434661865,2110,2015,29
67,100,28,AttackerLevel.ADAPTIVE,5.542770147323608,2110,2015,29
67,100,28,AttackerLevel.ADAPTIVE,5.548969745635986,2110,2015,29
67,100,29,AttackerLevel.STATIC,0.7206430435180664,368,272,3
67,100,29,AttackerLevel.STATIC,0.7365565299987793,368,272,3
67,100,29,AttackerLevel.STATIC,0.7362933158874512,368,272,3
67,100,29,AttackerLevel.STATIC,0.7064812183380127,368,272,3
67,100,29,AttackerLevel.STATIC,0.7151682376861572,368,272,3
67,100,29,AttackerLevel.STATIC,0.7288520336151123,368,272,3
67,100,29,AttackerLevel.STATIC,0.7236900329589844,368,272,3
67,100,29,AttackerLevel.STATIC,0.7134697437286377,368,272,3
67,100,29,AttackerLevel.STATIC,0.7308526039123535,368,272,3
67,100,29,AttackerLevel.STATIC,0.7094428539276123,368,272,3
67,100,29,AttackerLevel.STATIC_COORDINATION,5.729020595550537,2177,2081,30
67,100,29,AttackerLevel.STATIC_COORDINATION,5.535669565200806,2110,2015,29
67,100,29,AttackerLevel.STATIC_COORDINATION,5.690519571304321,2177,2081,30
67,100,29,AttackerLevel.STATIC_COORDINATION,5.693629503250122,2177,2081,30
67,100,29,AttackerLevel.STATIC_COORDINATION,5.696712970733643,2177,2081,30
67,100,29,AttackerLevel.STATIC_COORDINATION,5.718828201293945,2177,2081,30
67,100,29,AttackerLevel.STATIC_COORDINATION,5.709940195083618,2177,2081,30
67,100,29,AttackerLevel.STATIC_COORDINATION,5.679945945739746,2177,2081,30
67,100,29,AttackerLevel.STATIC_COORDINATION,5.726252794265747,2177,2081,30
67,100,29,AttackerLevel.STATIC_COORDINATION,5.520022869110107,2110,2015,29
67,100,29,AttackerLevel.ADAPTIVE,5.731428146362305,2177,2081,30
67,100,29,AttackerLevel.ADAPTIVE,5.728025197982788,2177,2081,30
67,100,29,AttackerLevel.ADAPTIVE,5.710822820663452,2177,2081,30
67,100,29,AttackerLevel.ADAPTIVE,5.694808721542358,2177,2081,30
67,100,29,AttackerLevel.ADAPTIVE,5.723664283752441,2177,2081,30
67,100,29,AttackerLevel.ADAPTIVE,5.764321327209473,2177,2081,30
67,100,29,AttackerLevel.ADAPTIVE,5.686861515045166,2177,2081,30
67,100,29,AttackerLevel.ADAPTIVE,5.7332963943481445,2177,2081,30
67,100,29,AttackerLevel.ADAPTIVE,5.700580358505249,2177,2081,30
67,100,29,AttackerLevel.ADAPTIVE,5.699185848236084,2177,2081,30
67,100,30,AttackerLevel.STATIC,0.7225356101989746,368,271,3
67,100,30,AttackerLevel.STATIC,0.740020751953125,368,271,3
67,100,30,AttackerLevel.STATIC,0.7210118770599365,368,271,3
67,100,30,AttackerLevel.STATIC,0.7286708354949951,368,271,3
67,100,30,AttackerLevel.STATIC,0.7404847145080566,368,271,3
67,100,30,AttackerLevel.STATIC,0.7295575141906738,368,271,3
67,100,30,AttackerLevel.STATIC,0.7299046516418457,368,271,3
67,100,30,AttackerLevel.STATIC,0.7170274257659912,368,271,3
67,100,30,AttackerLevel.STATIC,0.716346263885498,368,271,3
67,100,30,AttackerLevel.STATIC,0.7254252433776855,368,271,3
67,100,30,AttackerLevel.STATIC_COORDINATION,5.91082501411438,2244,2147,31
67,100,30,AttackerLevel.STATIC_COORDINATION,5.828624486923218,2244,2147,31
67,100,30,AttackerLevel.STATIC_COORDINATION,5.914884328842163,2244,2147,31
67,100,30,AttackerLevel.STATIC_COORDINATION,5.8961968421936035,2244,2147,31
67,100,30,AttackerLevel.STATIC_COORDINATION,5.722610235214233,2177,2081,30
67,100,30,AttackerLevel.STATIC_COORDINATION,5.886999130249023,2244,2147,31
67,100,30,AttackerLevel.STATIC_COORDINATION,5.910594940185547,2244,2147,31
67,100,30,AttackerLevel.STATIC_COORDINATION,5.914031982421875,2244,2147,31
67,100,30,AttackerLevel.STATIC_COORDINATION,5.88972544670105,2244,2147,31
67,100,30,AttackerLevel.STATIC_COORDINATION,5.916807651519775,2244,2147,31
67,100,30,AttackerLevel.ADAPTIVE,5.909151554107666,2244,2147,31
67,100,30,AttackerLevel.ADAPTIVE,5.891252517700195,2244,2147,31
67,100,30,AttackerLevel.ADAPTIVE,5.8881471157073975,2244,2147,31
67,100,30,AttackerLevel.ADAPTIVE,5.923951148986816,2244,2147,31
67,100,30,AttackerLevel.ADAPTIVE,5.9375457763671875,2244,2147,31
67,100,30,AttackerLevel.ADAPTIVE,5.88039755821228,2244,2147,31
67,100,30,AttackerLevel.ADAPTIVE,5.856926679611206,2244,2147,31
67,100,30,AttackerLevel.ADAPTIVE,5.896408796310425,2244,2147,31
67,100,30,AttackerLevel.ADAPTIVE,5.888548135757446,2244,2147,31
67,100,30,AttackerLevel.ADAPTIVE,5.895572662353516,2244,2147,31
67,100,31,AttackerLevel.STATIC,0.7295455932617188,368,270,3
67,100,31,AttackerLevel.STATIC,0.7094569206237793,368,270,3
67,100,31,AttackerLevel.STATIC,0.7298173904418945,368,270,3
67,100,31,AttackerLevel.STATIC,0.7351653575897217,368,270,3
67,100,31,AttackerLevel.STATIC,0.7390828132629395,368,270,3
67,100,31,AttackerLevel.STATIC,0.7197763919830322,368,270,3
67,100,31,AttackerLevel.STATIC,0.7276203632354736,368,270,3
67,100,31,AttackerLevel.STATIC,0.7309825420379639,368,270,3
67,100,31,AttackerLevel.STATIC,0.7235283851623535,368,270,3
67,100,31,AttackerLevel.STATIC,0.7302112579345703,368,270,3
67,100,31,AttackerLevel.STATIC_COORDINATION,6.0803000926971436,2311,2213,32
67,100,31,AttackerLevel.STATIC_COORDINATION,6.114673376083374,2311,2213,32
67,100,31,AttackerLevel.STATIC_COORDINATION,5.856389999389648,2244,2147,31
67,100,31,AttackerLevel.STATIC_COORDINATION,6.052143096923828,2311,2213,32
67,100,31,AttackerLevel.STATIC_COORDINATION,6.029085636138916,2311,2213,32
67,100,31,AttackerLevel.STATIC_COORDINATION,6.037514925003052,2311,2213,32
67,100,31,AttackerLevel.STATIC_COORDINATION,6.059093713760376,2311,2213,32
67,100,31,AttackerLevel.STATIC_COORDINATION,6.055540323257446,2311,2213,32
67,100,31,AttackerLevel.STATIC_COORDINATION,6.079440355300903,2311,2213,32
67,100,31,AttackerLevel.STATIC_COORDINATION,6.090784072875977,2311,2213,32
67,100,31,AttackerLevel.ADAPTIVE,6.072704553604126,2311,2213,32
67,100,31,AttackerLevel.ADAPTIVE,6.109439373016357,2311,2213,32
67,100,31,AttackerLevel.ADAPTIVE,6.018421649932861,2311,2213,32
67,100,31,AttackerLevel.ADAPTIVE,6.044825315475464,2311,2213,32
67,100,31,AttackerLevel.ADAPTIVE,6.050263404846191,2311,2213,32
67,100,31,AttackerLevel.ADAPTIVE,6.098480939865112,2311,2213,32
67,100,31,AttackerLevel.ADAPTIVE,6.069468021392822,2311,2213,32
67,100,31,AttackerLevel.ADAPTIVE,6.080761671066284,2311,2213,32
67,100,31,AttackerLevel.ADAPTIVE,6.057962417602539,2311,2213,32
67,100,31,AttackerLevel.ADAPTIVE,6.093578577041626,2311,2213,32
67,100,32,AttackerLevel.STATIC,0.708240270614624,368,269,3
67,100,32,AttackerLevel.STATIC,0.7163805961608887,368,269,3
67,100,32,AttackerLevel.STATIC,0.7266278266906738,368,269,3
67,100,32,AttackerLevel.STATIC,0.7150259017944336,368,269,3
67,100,32,AttackerLevel.STATIC,0.7317249774932861,368,269,3
67,100,32,AttackerLevel.STATIC,0.7364511489868164,368,269,3
67,100,32,AttackerLevel.STATIC,0.7225446701049805,368,269,3
67,100,32,AttackerLevel.STATIC,0.7139840126037598,368,269,3
67,100,32,AttackerLevel.STATIC,0.7383244037628174,368,269,3
67,100,32,AttackerLevel.STATIC,0.7151501178741455,368,269,3
67,100,32,AttackerLevel.STATIC_COORDINATION,6.272567272186279,2378,2279,33
67,100,32,AttackerLevel.STATIC_COORDINATION,6.327332496643066,2378,2279,33
67,100,32,AttackerLevel.STATIC_COORDINATION,6.283753871917725,2378,2279,33
67,100,32,AttackerLevel.STATIC_COORDINATION,6.276000499725342,2378,2279,33
67,100,32,AttackerLevel.STATIC_COORDINATION,6.2614905834198,2378,2279,33
67,100,32,AttackerLevel.STATIC_COORDINATION,6.238885402679443,2378,2279,33
67,100,32,AttackerLevel.STATIC_COORDINATION,6.249372482299805,2378,2279,33
67,100,32,AttackerLevel.STATIC_COORDINATION,6.249714136123657,2378,2279,33
67,100,32,AttackerLevel.STATIC_COORDINATION,6.253502607345581,2378,2279,33
67,100,32,AttackerLevel.STATIC_COORDINATION,6.230068683624268,2378,2279,33
67,100,32,AttackerLevel.ADAPTIVE,6.25013542175293,2378,2279,33
67,100,32,AttackerLevel.ADAPTIVE,6.229776620864868,2378,2279,33
67,100,32,AttackerLevel.ADAPTIVE,6.222024440765381,2378,2279,33
67,100,32,AttackerLevel.ADAPTIVE,6.229686498641968,2378,2279,33
67,100,32,AttackerLevel.ADAPTIVE,6.2581610679626465,2378,2279,33
67,100,32,AttackerLevel.ADAPTIVE,6.262370586395264,2378,2279,33
67,100,32,AttackerLevel.ADAPTIVE,6.272612571716309,2378,2279,33
67,100,32,AttackerLevel.ADAPTIVE,6.228386402130127,2378,2279,33
67,100,32,AttackerLevel.ADAPTIVE,6.252408266067505,2378,2279,33
67,100,32,AttackerLevel.ADAPTIVE,6.288421869277954,2378,2279,33
67,100,33,AttackerLevel.STATIC,0.7007851600646973,301,268,3
67,100,33,AttackerLevel.STATIC,0.7114641666412354,301,268,3
67,100,33,AttackerLevel.STATIC,0.7139217853546143,301,268,3
67,100,33,AttackerLevel.STATIC,0.7071273326873779,301,268,3
67,100,33,AttackerLevel.STATIC,0.7108845710754395,301,268,3
67,100,33,AttackerLevel.STATIC,0.7078170776367188,301,268,3
67,100,33,AttackerLevel.STATIC,0.7198822498321533,301,268,3
67,100,33,AttackerLevel.STATIC,0.7127506732940674,301,268,3
67,100,33,AttackerLevel.STATIC,0.7137186527252197,301,268,3
67,100,33,AttackerLevel.STATIC,0.7121419906616211,301,268,3
67,100,33,AttackerLevel.STATIC_COORDINATION,6.474166393280029,2378,2345,34
67,100,33,AttackerLevel.STATIC_COORDINATION,6.441874742507935,2378,2345,34
67,100,33,AttackerLevel.STATIC_COORDINATION,6.425117492675781,2378,2345,34
67,100,33,AttackerLevel.STATIC_COORDINATION,6.447617292404175,2378,2345,34
67,100,33,AttackerLevel.STATIC_COORDINATION,6.415147542953491,2378,2345,34
67,100,33,AttackerLevel.STATIC_COORDINATION,6.485019207000732,2378,2345,34
67,100,33,AttackerLevel.STATIC_COORDINATION,6.451279163360596,2378,2345,34
67,100,33,AttackerLevel.STATIC_COORDINATION,6.43133544921875,2378,2345,34
67,100,33,AttackerLevel.STATIC_COORDINATION,6.43610405921936,2378,2345,34
67,100,33,AttackerLevel.STATIC_COORDINATION,6.422157287597656,2378,2345,34
67,100,33,AttackerLevel.ADAPTIVE,6.388275146484375,2378,2345,34
67,100,33,AttackerLevel.ADAPTIVE,6.411504507064819,2378,2345,34
67,100,33,AttackerLevel.ADAPTIVE,6.4428935050964355,2378,2345,34
67,100,33,AttackerLevel.ADAPTIVE,6.427693128585815,2378,2345,34
67,100,33,AttackerLevel.ADAPTIVE,6.51519250869751,2378,2345,34
67,100,33,AttackerLevel.ADAPTIVE,6.407412767410278,2378,2345,34
67,100,33,AttackerLevel.ADAPTIVE,6.382917404174805,2378,2345,34
67,100,33,AttackerLevel.ADAPTIVE,6.443758964538574,2378,2345,34
67,100,33,AttackerLevel.ADAPTIVE,6.436448574066162,2378,2345,34
67,100,33,AttackerLevel.ADAPTIVE,6.428151845932007,2378,2345,34
